<?xml version="1.0" encoding="UTF-8"?>
<project-private xmlns="http://www.netbeans.org/ns/project-private/1">
    <editor-bookmarks xmlns="http://www.netbeans.org/ns/editor-bookmarks/2" lastBookmarkId="0"/>
    <open-files xmlns="http://www.netbeans.org/ns/projectui-open-files/2">
        <group>
            <file>file:/C:/fufufafa/fufufafa/kasir12rpl/src/kasir/Login.java</file>
            <file>file:/C:/fufufafa/fufufafa/kasir12rpl/src/kasir/Koneksi.java</file>
            <file>file:/C:/fufufafa/fufufafa/kasir12rpl/src/kasir/sign.java</file>
            <file>file:/C:/fufufafa/fufufafa/kasir12rpl/src/kasir/menuForm.java</file>
            <file>file:/C:/fufufafa/fufufafa/kasir12rpl/src/kasir/Inventory.java</file>
            <file>file:/C:/fufufafa/fufufafa/kasir12rpl/src/kasir/pilihMenu.java</file>
            <file>file:/C:/fufufafa/fufufafa/kasir12rpl/src/kasir/kasir.java</file>
        </group>
    </open-files>
</project-private>
